EUROPEAN CLIMATE ASSESSMENT & DATASET (ECA&D), file created on 13-05-2019

THESE DATA CAN BE USED FREELY PROVIDED THAT THE FOLLOWING SOURCE IS ACKNOWLEDGED:

Klein Tank, A.M.G. and Coauthors, 2002. Daily dataset of 20th-century surface
air temperature and precipitation series for the European Climate Assessment.
Int. J. of Climatol., 22, 1441-1453.
Data and metadata available at http://www.ecad.eu

FILE FORMAT (MISSING VALUE CODE IS -9999):

 01- 05 STAID  : Station identifier
 07- 46 STANAME: Station name
 48- 49 CN     : Country code (ISO3116 countrycodes)
 51- 59 LAT    : Latitude in degrees:minutes:seconds (+: North, -: South)
 61- 70 LON    : Longitude in degrees:minutes:seconds (+: East, -: West)
 72- 76 HGTH   : Station elevation in meters

STAID,STANAME                                 ,CN,      LAT,       LON,HGHT

    1,VAEXJOE                                 ,SE,+56:52:00,+014:48:00,  166
    2,FALUN                                   ,SE,+60:37:00,+015:37:00,  160
    3,STENSELE                                ,SE,+65:04:00,+017:09:59,  325
    4,LINKOEPING                              ,SE,+58:24:00,+015:31:59,   93
    5,LINKOEPING-MALMSLAETT                   ,SE,+58:24:00,+015:31:59,   93
    7,KARLSTAD-AIRPORT                        ,SE,+59:26:40,+013:20:15,  107
    9,OESTERSUND-FROESOEN                     ,SE,+63:10:59,+014:28:59,  376
   10,STOCKHOLM                               ,SE,+59:21:00,+018:03:00,   44
  120,BIRR                                    ,IE,+53:05:25,-007:52:35,   70
  122,MALIN HEAD                              ,IE,+55:22:18,-007:20:24,   21
  123,VALENTIA OBSERVATORY                    ,IE,+51:56:22,-010:13:19,    9
  160,DEN HELDER                              ,NL,+52:57:41,+004:44:49,    4
  161,DE KOOY                                 ,NL,+52:55:36,+004:46:51,    1
  162,DE BILT                                 ,NL,+52:05:56,+005:10:46,    1
  163,GRONINGEN                               ,NL,+53:13:00,+006:33:00,    2
  164,EELDE                                   ,NL,+53:07:24,+006:35:04,    5
  166,VLISSINGEN                              ,NL,+51:26:29,+003:35:44,    8
  167,MAASTRICHT-1                            ,NL,+50:51:00,+005:40:59,   49
  168,MAASTRICHT                              ,NL,+50:54:19,+005:45:42,  114
  179,BJOERNOEYA                              ,NO,+74:31:00,+019:01:00,   16
  185,SUOLOVUOPMI                             ,NO,+69:35:17,+023:31:54,  377
  186,SVALBARD AIRPORT                        ,NO,+78:15:00,+015:28:00,   28
  187,HOPEN                                   ,NO,+76:30:00,+025:04:00,    6
  189,JAN MAYEN                               ,NO,+70:55:59,-008:40:00,   10
  190,KARASJOK                                ,NO,+69:28:00,+025:30:11,  129
  192,FAERDER FYR                             ,NO,+59:01:36,+010:31:48,    6
  193,OSLO BLINDERN                           ,NO,+59:56:34,+010:43:14,   94
  194,UTSIRA FYR                              ,NO,+59:18:28,+004:52:41,   55
  195,VARDOE                                  ,NO,+70:22:01,+031:05:04,   14
  196,NESBYEN-SKOGLUND                        ,NO,+60:34:06,+009:07:18,  167
  203,LUXEMBOURG AIRPORT                      ,LU,+49:37:33,+006:12:12,  376
  229,BADAJOZ/TALAVERA LA REAL                ,ES,+38:52:59,-006:49:45,  185
  230,MADRID - RETIRO                         ,ES,+40:24:42,-003:40:41,  667
  231,MALAGA AEROPUERTO                       ,ES,+36:40:00,-004:29:17,    7
  232,NAVACERRADA                             ,ES,+40:46:50,-004:00:37, 1894
  233,SALAMANCA AEROPUERTO                    ,ES,+40:57:33,-005:29:53,  790
  234,SAN SEBASTIAN - IGUELDO                 ,ES,+43:18:27,-002:02:21,  251
  236,TORTOSA - OBSERVATORIO DEL EBRO         ,ES,+40:49:14,+000:29:29,   44
  237,VALENCIA                                ,ES,+39:28:50,-000:21:59,   11
  238,ZARAGOZA AEROPUERTO                     ,ES,+41:39:42,-001:00:29,  247
  264,OKSOEY FYR                              ,NO,+58:04:00,+008:03:02,    9
  265,BERGEN FLORIDA                          ,NO,+60:22:59,+005:19:59,   12
  266,BODOE VI                                ,NO,+67:16:01,+014:21:32,   11
  268,VORU                                    ,EE,+57:50:45,+027:01:09,   82
  269,VILSANDI                                ,EE,+58:22:59,+021:48:55,    6
  298,ILULISSAT                               ,GL,+69:13:12,-051:06:00,   39
  299,TASIILAQ                                ,GL,+65:35:59,-037:37:59,   50
  306,ILULISSAT MITTARFIK                     ,GL,+69:13:59,-051:04:00,   29
  309,ALICANTE EL ALTET                       ,ES,+38:16:58,-000:34:14,   43
  328,TROMSO                                  ,NO,+69:39:14,+018:55:41,  100
  329,ONA II                                  ,NO,+62:51:34,+006:32:21,   13
  330,FOKSTUA                                 ,NO,+62:07:00,+009:16:59,  952
  331,TORUNGEN FYR                            ,NO,+58:22:59,+008:47:30,   12
  335,BARCELONA -FABRA OBSERVATORY            ,ES,+41:25:05,+002:07:26,  412
  336,ALBACETE LOS LLANOS                     ,ES,+38:57:07,-001:51:47,  704
  337,CORDOBA AEROPUERTO                      ,ES,+37:50:39,-004:50:45,   90
  339,HAPARANDA                               ,SE,+65:49:37,+024:08:38,    5
  341,MALUNG                                  ,SE,+60:40:53,+013:41:58,  308
  342,GOTSKA SANDON                           ,SE,+58:24:00,+019:12:00,   11
  411,MARKNESSE                               ,NL,+52:42:06,+005:53:15,   -3
  412,ALICANTE                                ,ES,+38:22:21,-000:29:39,   81
  413,LAUWERSOOG                              ,NL,+53:24:42,+006:11:57,    2
  414,BURGOS-VILLAFRIA                        ,ES,+42:21:21,-003:37:57,  890
  415,CADIZ                                   ,ES,+36:30:03,-006:15:24,    1
  416,CIUDAD REAL                             ,ES,+38:59:21,-003:55:10,  628
  417,GRANADA                                 ,ES,+37:08:12,-003:37:53,  687
  418,HUELVA (RONDA DEL ESTE)                 ,ES,+37:16:48,-006:54:34,   19
  419,HUESCA                                  ,ES,+42:04:59,-000:19:35,  541
  420,A CORUNA                                ,ES,+43:22:01,-008:25:09,   58
  421,MURCIA                                  ,ES,+38:00:10,-001:10:09,   61
  422,PAMPLONA                                ,ES,+42:46:36,-001:39:00,  459
  423,SEVILLA/SAN PABLO                       ,ES,+37:25:00,-005:52:45,   34
  424,SORIA                                   ,ES,+41:46:30,-002:28:59, 1082
  425,VALLADOLID                              ,ES,+41:39:00,-004:46:00,  735
  426,UPPSALA                                 ,SE,+59:51:36,+017:37:48,   13
  431,TORSHAVN                                ,DK,+62:01:12,-006:46:12,   54
  438,CABAUW                                  ,NL,+51:58:09,+004:55:32,    0
  442,VOLKEL                                  ,NL,+51:39:29,+005:42:24,   20
  451,BERKHOUT                                ,NL,+52:38:34,+004:58:44,   -2
  453,HEINO                                   ,NL,+52:26:03,+006:15:32,    3
  454,HUPSEL                                  ,NL,+52:04:04,+006:39:24,   29
  455,TENERIFE/LOS RODEOS                     ,ES,+28:28:39,-016:19:45,  632
  462,GOTEBORG A                              ,SE,+57:42:57,+011:59:39,    5
  463,LUND                                    ,SE,+55:42:00,+013:12:00,   73
  464,ARCEN                                   ,NL,+51:29:49,+006:11:45,   19
  465,VISBY                                   ,SE,+57:40:00,+018:19:59,   42
  466,HARNOSAND                               ,SE,+62:37:59,+017:55:59,   15
  478,HERWIJNEN                               ,NL,+51:51:28,+005:08:43,    0
  500,NIEUW BEERTA                            ,NL,+53:11:39,+007:08:57,    0
  567,WILHELMINADORP                          ,NL,+51:31:32,+003:53:00,    1
  593,SCHIPHOL                                ,NL,+52:18:56,+004:47:25,   -3
  594,HOORN TERSCHELLING                      ,NL,+53:23:27,+005:20:44,    0
  596,STAVOREN                                ,NL,+52:53:48,+005:22:59,   -1
  597,LELYSTAD                                ,NL,+52:27:25,+005:31:10,   -3
  598,ROTTERDAM                               ,NL,+51:57:38,+004:26:48,   -4
  599,GILZE-RIJEN                             ,NL,+51:33:54,+004:56:07,   11
  600,ELL                                     ,NL,+51:11:48,+005:45:45,   30
  601,VLIELAND                                ,NL,+53:14:24,+004:55:14,    4
  602,HOEK VAN HOLLAND                        ,NL,+51:59:27,+004:07:18,   11
  603,LEEUWARDEN                              ,NL,+53:13:23,+005:45:06,    0
  604,WOENSDRECHT                             ,NL,+51:26:52,+004:20:30,   14
  942,KARASJOK-MARKANNJARGA                   ,NO,+69:27:48,+025:30:07,  131
  953,NESBYEN-TODOKK                          ,NO,+60:34:01,+009:08:00,  166
  955,SUOLOVUOPMI-LULIT                       ,NO,+69:34:46,+023:32:03,  381
  970,CASEMENT AERODROME                      ,IE,+53:18:21,-006:26:20,   94
 1040,ROROS                                   ,NO,+62:34:01,+011:23:00,  628
 1041,KONGSBERG IV                            ,NO,+59:39:47,+009:39:00,  168
 1042,LYNGOR FYR                              ,NO,+58:38:00,+009:09:01,    4
 1043,TVEITSUND                               ,NO,+59:01:37,+008:31:14,  252
 1044,LINDESNES FYR                           ,NO,+57:58:59,+007:02:53,   13
 1045,LISTA FYR                               ,NO,+58:06:36,+006:34:05,   14
 1046,SOLA                                    ,NO,+58:53:03,+005:38:12,    7
 1047,SAUDA                                   ,NO,+59:38:54,+006:21:47,    5
 1048,GARDERMOEN                              ,NO,+60:12:23,+011:04:49,  202
 1049,TAKLE                                   ,NO,+61:01:36,+005:23:06,   38
 1051,TAFJORD                                 ,NO,+62:14:00,+007:25:00,   15
 1053,RENA - HAUGEDALEN                       ,NO,+61:09:33,+011:26:33,  240
 1056,SKROVA FYR                              ,NO,+68:09:01,+014:39:02,   11
 1057,BARDUFOSS                               ,NO,+69:03:32,+018:32:25,   76
 1058,SIHCCAJAVRI                             ,NO,+68:45:19,+023:32:18,  382
 1059,FRUHOLMEN FYR                           ,NO,+71:05:35,+023:59:42,   13
 1060,RUSTEFJELBMA                            ,NO,+70:24:01,+028:12:01,   10
 1388,IZANA                                   ,ES,+28:18:32,-016:29:57, 2371
 1389,MELILLA                                 ,ES,+35:16:40,-002:57:19,   47
 1392,SANTANDER CENTRO                        ,ES,+43:27:52,-003:49:08,   64
 1393,BILBAO AEROPUERTO                       ,ES,+43:17:53,-002:54:20,   42
 1394,SANTIAGO DE COMPOSTELA/LABACOLLA        ,ES,+42:53:16,-008:24:38,  370
 1395,VIGO PEINADOR                           ,ES,+42:14:21,-008:37:26,  261
 1396,PONFERRADA                              ,ES,+42:33:50,-006:36:00,  534
 1397,LEON VIRGEN DEL CAMINO                  ,ES,+42:35:20,-005:38:57,  916
 1398,LOGRONO-AGONCILLO                       ,ES,+42:27:07,-002:19:51,  353
 1399,ZAMORA                                  ,ES,+41:31:00,-005:44:00,  656
 1401,REUS/AEROPUERTO                         ,ES,+41:08:58,+001:10:44,   71
 1404,MURCIA/SAN JAVIER                       ,ES,+37:47:20,-000:48:11,    4
 1405,JEREZ DE LA FRONTERA                    ,ES,+36:45:02,-006:03:20,   27
 1406,TARIFA                                  ,ES,+36:00:55,-005:35:51,   32
 1409,KARESUANDO                              ,SE,+68:26:31,+022:27:01,  330
 1410,JONKOPING                               ,SE,+57:46:00,+014:10:59,   98
 1411,PAJALA                                  ,SE,+67:12:35,+023:23:34,  168
 1412,LULEA FLYGPLATS                         ,SE,+65:32:35,+022:07:09,   17
 1413,HARSFJARDEN                             ,SE,+59:04:12,+018:07:12,    4
 1414,SVENSKA HOGARNA                         ,SE,+59:26:39,+019:30:20,   12
 1415,SAVE                                    ,SE,+57:46:48,+011:52:48,   20
 1416,SATENAS                                 ,SE,+58:26:08,+012:42:27,   54
 1417,BARKAKRA                                ,SE,+56:17:24,+012:51:00,   20
 1418,FALSTERBO                               ,SE,+55:22:48,+012:49:12,    5
 1419,RONNEBY-BREDAKRA                        ,SE,+56:15:36,+015:16:12,   58
 1420,HOBURG                                  ,SE,+56:55:12,+018:09:59,   38
 1421,KARLSHAMN                               ,SE,+56:10:48,+014:51:00,   50
 1422,BORAS                                   ,SE,+57:45:36,+012:57:00,  135
 1423,OLANDS NORRA UDDE                       ,SE,+57:22:12,+017:06:00,    4
 1424,LANDSORT                                ,SE,+58:44:24,+017:52:12,   18
 1425,OREBRO 1                                ,SE,+59:14:24,+015:17:24,   35
 1428,ARJEPLOG A                              ,SE,+66:03:08,+017:50:35,  431
 1429,JOKKMOKK                                ,SE,+66:37:47,+019:38:24,  254
 1718,DUBLIN AIRPORT                          ,IE,+53:25:41,-006:14:27,   71
 1750,JOHNSTOWN CASTLE                        ,IE,+52:17:30,-006:30:00,   49
 2135,ROCHES POINT                            ,IE,+51:47:35,-008:14:38,   43
 2137,ROSSLARE                                ,IE,+52:15:00,-006:19:48,   23
 2138,KILKENNY                                ,IE,+52:40:12,-007:16:12,   63
 2139,SHANNON                                 ,IE,+52:41:24,-008:55:05,    6
 2140,CLAREMORRIS                             ,IE,+53:43:12,-008:58:48,   69
 2142,CLONES                                  ,IE,+54:10:48,-007:13:48,   87
 2143,BELMULLET                               ,IE,+54:13:48,-010:00:00,    9
 2216,SLETTNES FYR                            ,NO,+71:05:02,+028:13:04,    8
 2230,BERGEN/FLESLAND                         ,NO,+60:17:21,+005:13:35,   48
 2260,GUNNARN                                 ,SE,+65:00:26,+017:42:30,  280
 2261,LYCKSELE                                ,SE,+64:34:48,+018:39:00,  234
 2262,MASESKAR                                ,SE,+58:06:00,+011:21:00,   14
 2263,MALILLA                                 ,SE,+57:23:30,+015:54:48,  100
 2563,DEELEN                                  ,NL,+52:03:18,+005:52:19,   50
 2565,HOOGEVEEN                               ,NL,+52:44:56,+006:34:23,   15
 2566,EINDHOVEN                               ,NL,+51:26:58,+005:22:36,   22
 2569,TWENTHE                                 ,NL,+52:16:23,+006:53:26,   33
 2570,VALKENBURG                              ,NL,+52:10:13,+004:25:45,    0
 2571,WESTDORPE                               ,NL,+51:13:28,+003:51:39,    1
 2574,FOKSTUGU                                ,NO,+62:06:51,+009:17:13,  972
 2575,KONGSBERG II/III                        ,NO,+59:39:47,+009:38:53,  171
 2576,KONGSBERG BRANNSTASJON                  ,NO,+59:37:28,+009:38:16,  170
 2578,NESBYEN II                              ,NO,+60:34:00,+009:07:59,  165
 2579,ROROS AIRPORT                           ,NO,+62:34:37,+011:21:06,  625
 2581,ONA                                     ,NO,+62:52:00,+006:33:00,   11
 2582,ONA HUSOY                               ,NO,+62:52:00,+006:31:59,    8
 2584,BREKKE SLUSE                            ,NO,+59:08:52,+011:33:34,  114
 2587,RADE - TOMB                             ,NO,+59:19:00,+010:49:00,   14
 2589,RYGGE                                   ,NO,+58:22:59,+010:47:17,   40
 2590,SARPSBORG                               ,NO,+59:17:08,+011:06:52,   57
 2594,ASKER                                   ,NO,+59:51:21,+010:26:12,  163
 2600,TRYVASSHOGDA                            ,NO,+59:59:04,+010:40:09,  514
 2603,DREVSJO                                 ,NO,+61:53:13,+012:02:53,  672
 2605,KISE PA HEDMARK                         ,NO,+60:46:50,+010:48:42,  128
 2611,ABJORSBRATEN                            ,NO,+60:55:05,+009:17:25,  639
 2620,OSTRE TOTEN - APELSVOLL                 ,NO,+60:42:00,+010:52:00,  264
 2622,VAGA - KLONES                           ,NO,+61:51:46,+009:05:00,  371
 2627,GULSVIK II                              ,NO,+60:22:58,+009:36:24,  142
 2638,GVARV                                   ,NO,+59:22:59,+009:10:59,   26
 2639,GVARV - LINDEM                          ,NO,+59:23:12,+009:12:06,   71
 2640,GVARV - NES                             ,NO,+59:22:59,+009:12:05,   93
 2656,KJEVIK                                  ,NO,+58:12:01,+008:04:05,   12
 2669,OBRESTAD FYR                            ,NO,+58:39:33,+005:33:19,   24
 2671,STAVANGER - VALAND                      ,NO,+58:57:25,+005:43:48,   72
 2677,FET I EIDFJORD                          ,NO,+60:24:30,+007:16:46,  735
 2685,SLATTEROY FYR                           ,NO,+59:54:29,+005:04:05,   25
 2711,SUNNDALSORA III                         ,NO,+62:40:30,+008:33:32,    6
 2719,SONGLI                                  ,NO,+63:19:48,+009:38:42,  300
 2720,TRONDHEIM - VOLL                        ,NO,+63:24:38,+010:27:12,  127
 2725,NAMDALSEID                              ,NO,+64:15:02,+011:12:01,   86
 2726,NAMSSKOGAN                              ,NO,+64:44:31,+012:50:45,  140
 2727,NORDOYAN FYR                            ,NO,+64:47:52,+010:32:57,   33
 2733,BODOE - VAGONES                         ,NO,+67:16:59,+014:28:00,   33
 2745,DIVIDALEN                               ,NO,+68:46:41,+019:42:36,  228
 2749,STORSTEINNES I BALSFJORD                ,NO,+69:14:49,+019:13:51,   27
 2750,TORSVAG FYR                             ,NO,+70:14:44,+019:30:02,   21
 2751,CUOVDDATMOHKKI                          ,NO,+69:22:00,+024:25:59,  286
 2752,KAUTOKEINO                              ,NO,+68:59:48,+023:02:00,  307
 2753,KAUTOKEINO II                           ,NO,+69:01:00,+023:02:02,  330
 2754,MAKKAUR FYR                             ,NO,+70:42:02,+030:04:05,    9
 2755,ISFJORD RADIO                           ,NO,+78:04:00,+013:37:59,    7
 2756,SVEAGRUVA                               ,NO,+77:52:59,+016:43:00,    9
 2757,MIKE                                    ,NO,+66:00:00,+002:00:00,    6
 2942,DANMARKSHAVN                            ,GL,+76:46:12,-018:40:12,   12
 2969,BARCELONA/AEROPUERTO                    ,ES,+41:17:34,+002:04:11,    4
 2970,LANZAROTE/AEROPUERTO                    ,ES,+28:57:06,-013:36:01,   14
 3167,D15-FA-1                                ,NL,+54:19:32,+002:56:08,   42
 3168,K14-FA-1C                               ,NL,+53:16:09,+003:37:40,   41
 3169,A12-CPP                                 ,NL,+55:23:57,+003:48:37,   48
 3170,F16-A                                   ,NL,+54:07:00,+004:00:43,   43
 3171,L9-FF-1                                 ,NL,+53:36:51,+004:57:37,    0
 3172,AWG-1                                   ,NL,+53:29:30,+005:56:30,   40
 3173,IJMOND                                  ,NL,+52:27:48,+004:31:03,    0
 3174,J6-A                                    ,NL,+53:49:27,+002:56:43,   45
 3175,HOORN-A                                 ,NL,+52:55:05,+004:09:01,   50
 3176,IJMUIDEN                                ,NL,+52:27:43,+004:33:18,    4
 3177,TEXELHORS_MM                            ,NL,+52:59:42,+004:43:12,    1
 3178,WIJDENES                                ,NL,+52:37:57,+005:10:24,    0
 3179,K13                                     ,NL,+53:13:04,+003:13:13,   37
 3180,HOUTRIBDIJK                             ,NL,+52:38:53,+005:24:02,    7
 3181,HUIBERTGAT                              ,NL,+53:34:26,+006:23:53,    0
 3182,CADZAND                                 ,NL,+51:22:50,+003:22:50,    0
 3183,HOOFDPLAAT                              ,NL,+51:22:41,+003:40:19,    0
 3184,OOSTERSCHELDE                           ,NL,+51:46:00,+003:37:18,    0
 3185,VLAKTE_V.D._RAAN                        ,NL,+51:30:12,+003:14:30,    0
 3186,HANSWEERT                               ,NL,+51:26:44,+003:59:51,    0
 3187,SCHAAR                                  ,NL,+51:39:21,+003:41:39,    0
 3188,LICHTEILAND_GOEREE                      ,NL,+51:55:32,+003:40:12,   23
 3189,EUROPLATFORM                            ,NL,+51:59:52,+003:16:30,   19
 3190,STAVENISSE-1                            ,NL,+51:35:47,+004:00:21,    0
 3191,THOLEN                                  ,NL,+51:30:24,+004:07:04,    0
 3192,ROTTERDAM-GEULHAVEN                     ,NL,+51:53:30,+004:18:45,    3
 3509,MALMO A                                 ,SE,+55:34:17,+013:04:23,   20
 3510,TORUP A                                 ,SE,+56:56:58,+013:03:45,  130
 3511,TORUP                                   ,SE,+56:57:47,+013:04:15,   85
 3512,NIDINGEN A                              ,SE,+57:18:14,+011:54:23,    2
 3513,MALILLA A                               ,SE,+57:23:04,+015:48:12,   95
 3514,NORDKOSTER A                            ,SE,+58:53:33,+011:00:21,   33
 3515,HARSTENA A                              ,SE,+58:15:02,+017:00:38,   14
 3516,GOTSKA SANDON A                         ,SE,+58:23:39,+019:11:51,   16
 3517,KILSBERGEN-SUTTARBODA A                 ,SE,+59:18:00,+014:53:54,  219
 3518,TULLINGE A                              ,SE,+59:10:44,+017:54:45,   45
 3519,STOCKHOLM-BROMMA                        ,SE,+59:21:12,+017:57:05,   14
 3520,BORLANGE FLYGPLATS                      ,SE,+60:25:45,+015:30:28,  152
 3521,AMOT A                                  ,SE,+60:57:42,+016:25:51,  162
 3522,FILMS KYRKBY A                          ,SE,+60:14:11,+017:54:28,   33
 3523,KUGGOREN A                              ,SE,+61:42:11,+017:31:29,    8
 3524,TANNAS A                                ,SE,+62:27:01,+012:40:13,  723
 3525,SVEG                                    ,SE,+62:01:09,+014:11:25,  432
 3526,SUNDSVALLS FLYGPLATS                    ,SE,+62:31:28,+017:26:27,    4
 3528,FROSON                                  ,SE,+63:11:51,+014:29:11,  376
 3529,JUNSELE A                               ,SE,+63:41:06,+016:57:11,  214
 3530,JUNSELE                                 ,SE,+63:41:03,+016:57:02,  215
 3531,SKAGSUDDE A                             ,SE,+63:11:18,+019:01:13,   11
 3532,HOLMON A                                ,SE,+63:48:29,+020:52:09,    6
 3533,GADDEDE                                 ,SE,+64:30:12,+014:09:34,  328
 3534,GADDEDE A                               ,SE,+64:30:20,+014:13:26,  550
 3535,BJUROKLUBB A                            ,SE,+64:28:51,+021:34:45,   40
 3536,HEMAVAN                                 ,SE,+65:47:48,+015:06:15,  475
 3537,HEMAVAN FLYGPLATS                       ,SE,+65:48:28,+015:05:07,  458
 3538,JOKKMOKK FLYGPLATS MO                   ,SE,+66:29:56,+020:07:51,  275
 3539,PAJALA A                                ,SE,+67:12:18,+023:23:43,  171
 3540,KATTERJAKK                              ,SE,+68:25:18,+018:10:10,  515
 3546,NEWPORT FURNACE                         ,IE,+53:55:18,-009:34:18,   23
 3547,DUNSANY GRANGE                          ,IE,+53:30:00,-006:42:00,   84
 3548,GURTEEN                                 ,IE,+53:01:48,-008:00:36,   76
 3549,MT DILLON                               ,IE,+54:43:36,-009:54:03,   40
 3550,MACE HEAD                               ,IE,+53:19:33,-009:54:03,   23
 3551,OAK PARK                                ,IE,+52:51:39,-006:54:54,   63
 3552,MOOREPARK                               ,IE,+52:09:50,-008:15:50,   47
 3553,BALLYHAISE                              ,IE,+54:03:03,-007:18:36,   79
 3554,SHERKIN ISLAND                          ,IE,+51:28:33,-009:25:41,   21
 3555,MULLINGAR                               ,IE,+53:32:12,-007:21:42,  101
 3838,ROTA                                    ,ES,+36:38:20,-006:19:54,   21
 3839,MADRID/TORREJON                         ,ES,+40:28:59,-003:27:01,  611
 3903,A CORUNA/ALVEDRO                        ,ES,+43:18:24,-008:22:19,   98
 3904,VITORIA AERODROMO                       ,ES,+42:51:02,-002:39:16,  521
 3905,VITORIA/FORONDA                         ,ES,+42:52:18,-002:43:59,  513
 3906,ALBACETE OBS.                           ,ES,+39:00:24,-001:51:38,  674
 3907,ALMERIA                                 ,ES,+36:49:59,-002:27:16,    7
 3908,ALMERIA/AEROPUERTO                      ,ES,+36:50:47,-002:21:24,   21
 3909,ASTURIAS/AVILES                         ,ES,+43:34:00,-006:02:39,  127
 3910,GIJON                                   ,ES,+43:32:17,-005:38:30,    3
 3911,GIJON LA MERCED                         ,ES,+43:32:17,-005:38:30,   22
 3912,GIJON MUSEL                             ,ES,+43:33:38,-005:41:54,    5
 3913,OVIEDO                                  ,ES,+43:21:15,-005:52:22,  336
 3914,AVILA                                   ,ES,+40:39:33,-004:40:48, 1130
 3915,AVILA-AYUNTAMIENTO                      ,ES,+40:39:20,-004:41:57, 1143
 3916,IBIZA/ESCODOLA                          ,ES,+38:52:35,+001:23:03,    6
 3917,MENORCA/MAO                             ,ES,+39:51:16,+004:12:56,   91
 3918,PALMA DE MALLORCA CMT                   ,ES,+39:33:20,+002:37:35,    3
 3919,PALMA DE MALLORCA / SON SAN JUAN        ,ES,+39:33:38,+002:44:12,    8
 3920,GIRONA-NOU INSTITUT                     ,ES,+41:58:44,+002:49:36,   97
 3921,CACERES CIUDAD                          ,ES,+39:28:59,-006:22:00,  459
 3922,SANTANDER CMT                           ,ES,+43:29:30,-003:47:58,   52
 3923,SANTANDER/PARAYAS                       ,ES,+43:25:45,-003:49:53,    5
 3924,CASTELLON                               ,ES,+39:57:00,-000:04:17,   35
 3925,CASTELLON DE LA PLANA                   ,ES,+39:59:21,-000:02:26,   25
 3926,CEUTA                                   ,ES,+35:53:24,-005:20:44,   87
 3927,CEUTA (MONTE HACHO)                     ,ES,+35:53:31,-005:17:21,  200
 3928,CIUDAD REAL (INSTITUTO)                 ,ES,+38:59:21,-003:55:42,  627
 3929,CUENCA                                  ,ES,+40:04:00,-002:08:17,  945
 3930,GIRONA (ANTIC INSTITUT)                 ,ES,+41:58:48,+002:49:31,   95
 3931,GIRONA/COSTA BRAVA                      ,ES,+41:54:42,+002:45:47,  143
 3932,GRANADA/AEROPUERTO                      ,ES,+37:11:22,-003:47:21,  567
 3933,GUADALAJARA                             ,ES,+40:39:39,-003:10:27,  639
 3934,GUADALAJARA (INSTITUTO)                 ,ES,+40:38:04,-003:09:51,  685
 3935,MOLINA DE ARAGON                        ,ES,+40:50:39,-001:53:07, 1056
 3936,SAN SEBASTIAN/FUENTERRABIA              ,ES,+43:21:38,-001:47:13,    4
 3937,HUELVA                                  ,ES,+37:15:34,-006:56:57,   17
 3938,JAEN                                    ,ES,+37:46:40,-003:48:27,  582
 3939,JAEN (INSTITUTO)                        ,ES,+37:46:40,-003:47:17,  510
 3940,FUERTEVENTURA/AEROPUERTO                ,ES,+28:26:40,-013:51:47,   25
 3941,LAS PALMAS DE GRAN CANARIA/GANDO        ,ES,+27:55:21,-015:23:21,   24
 3942,LLEIDA                                  ,ES,+41:37:32,+000:35:42,  192
 3943,LLEIDA (OBSERVATORIO)                   ,ES,+41:37:06,+000:37:18,  191
 3944,LUGO/ROZAS                              ,ES,+43:06:55,-007:27:21,  445
 3945,COLMENAR VIEJO/FAMET                    ,ES,+40:41:54,-003:45:51, 1004
 3946,MADRID/BARAJAS                          ,ES,+40:28:00,-003:33:20,  609
 3947,MADRID/CUATROVIENTOS                    ,ES,+40:22:40,-003:47:21,  687
 3948,MADRID/GETAFE                           ,ES,+40:18:00,-003:43:21,  617
 3949,MURCIA/ALCANTARILLA                     ,ES,+37:57:28,-001:13:46,   85
 3950,PAMPLONA (OBSERVATORIO)                 ,ES,+42:49:03,-001:38:11,  442
 3951,OURENSE                                 ,ES,+42:19:40,-007:51:37,  143
 3953,PALENCIA (OBSERVATORIO)                 ,ES,+42:00:29,-004:32:07,  750
 3954,PONTEVEDRA                              ,ES,+42:26:24,-008:36:59,  108
 3955,PONTEVEDRA (INSTITUTO)                  ,ES,+42:25:50,-008:38:58,   19
 3956,SALAMANCA OBS.                          ,ES,+40:57:23,-005:39:41,  775
 3957,HIERRO/AEROPUERTO                       ,ES,+27:49:08,-017:53:20,   32
 3958,LA PALMA/AEROPUERTO                     ,ES,+28:37:59,-017:45:18,   33
 3959,STA. CRUZ DE TENERIFE                   ,ES,+28:27:47,-016:15:19,   35
 3960,TENERIFE/SUR                            ,ES,+28:02:51,-016:33:38,   64
 3961,SEGOVIA                                 ,ES,+40:56:52,-004:07:37, 1005
 3962,SEGOVIA (MARIANO QUINTANILLA)           ,ES,+40:56:52,-004:06:55,  990
 3963,MORON DE LA FRONTERA                    ,ES,+37:09:29,-005:36:56,   87
 3964,CALAMOCHA                               ,ES,+40:55:33,-001:17:35,  890
 3965,CALAMOCHA-VOR                           ,ES,+40:51:55,-001:18:16,  932
 3966,TERUEL                                  ,ES,+40:20:58,-001:07:00,  900
 3967,TOLEDO                                  ,ES,+39:53:04,-004:02:57,  515
 3968,TOLEDO LORENZANA                        ,ES,+39:51:39,-004:01:24,  540
 3969,VALENCIA/AEROPUERTO                     ,ES,+39:29:12,-000:28:23,   69
 3970,VALLADOLID (VILLANUBLA)                 ,ES,+41:42:00,-004:51:00,  846
 3971,DAROCA                                  ,ES,+41:06:52,-001:24:38,  779
 4992,NELAUG                                  ,NO,+58:39:29,+008:37:53,  142
 4993,LANDVIK                                 ,NO,+58:20:24,+008:31:21,    6
 4997,BYGLANDSFJORD II                        ,NO,+58:39:56,+007:48:42,  206
 4998,BYGLANDSFJORD - SOLBAKKEN               ,NO,+58:40:01,+007:48:03,  212
 5000,GOL - STAKE                             ,NO,+60:43:09,+008:56:51,  542
 5001,ALTA LUFTHAVN                           ,NO,+69:58:39,+023:21:29,    3
 5002,HAMMERFEST LUFTHAVN                     ,NO,+70:40:50,+023:40:37,   81
 5003,HONNINGSVAG LUFTHAVN                    ,NO,+71:00:38,+025:58:41,   14
 5004,MEHAMN LUFTHAVN                         ,NO,+71:01:59,+027:49:46,   13
 5005,BERLEVAG LUFTHAVN                       ,NO,+70:52:14,+029:02:04,   13
 5009,VADSO LUFTHAVN                          ,NO,+70:03:55,+029:50:07,   39
 5018,HAMAR - STAVSBERG                       ,NO,+60:49:05,+011:04:10,  221
 5031,MIDTLAEGER                              ,NO,+59:50:02,+006:59:29, 1079
 5039,FISKABYGD                               ,NO,+62:06:11,+005:34:54,   41
 5042,HILDRE                                  ,NO,+62:36:12,+006:19:26,   13
 5046,SVINOY FYR                              ,NO,+62:19:45,+005:16:05,   38
 5047,MOLDE LUFTHAVN                          ,NO,+62:44:39,+007:15:42,    3
 5049,KRISTIANSUND LUFTHAVN                   ,NO,+63:06:33,+007:48:56,   62
 5051,SMOLA - MOLDSTAD                        ,NO,+63:25:10,+008:03:47,   30
 5052,ORSTA-VOLDA LUFTHAVN                    ,NO,+62:10:51,+006:04:50,   74
 5054,VIGRA                                   ,NO,+62:33:42,+006:06:54,   22
 5056,BRONNOYSUND LUFTHAVN                    ,NO,+65:27:24,+012:13:05,    9
 5060,EVENES LUFTHAVN                         ,NO,+68:29:27,+016:40:59,   26
 5065,LEKNES LUFTHAVN                         ,NO,+68:09:18,+013:36:54,   26
 5066,SANDNESSJOEN LH - STOKKA                ,NO,+65:57:38,+012:28:17,   17
 5067,MO I RANA III                           ,NO,+66:18:24,+014:09:15,   41
 5069,VALLJORD                                ,NO,+67:21:38,+015:35:21,    3
 5070,NARVIK LUFTHAVN                         ,NO,+68:26:22,+017:23:18,   31
 5071,SVOLVAER LUFTHAVN                       ,NO,+68:14:43,+014:40:09,    9
 5073,STOKMARKNES LH - SKAGEN                 ,NO,+68:34:48,+015:01:45,    3
 5074,MO I RANA LUFTHAVN                      ,NO,+66:21:51,+014:18:05,   70
 5078,NAMSOS LUFTHAVN                         ,NO,+64:28:14,+011:34:14,    2
 5083,SKLINNA FYR                             ,NO,+65:12:07,+010:59:47,   23
 5085,VENABU                                  ,NO,+61:39:05,+010:06:30,  930
 5089,SOGNEFJELLHYTTA                         ,NO,+61:33:52,+007:59:52, 1413
 5093,LOKEN I VOLBU                           ,NO,+61:07:18,+009:03:47,  521
 5094,FILEFJELL - KYRKJESTOLANE               ,NO,+61:10:41,+008:06:45,  956
 5104,HAUGESUND LUFTHAVN                      ,NO,+59:20:58,+005:11:52,   24
 5110,NEDRE VATS                              ,NO,+59:29:02,+005:45:02,   64
 5113,FURENESET                               ,NO,+61:17:34,+005:02:39,    7
 5114,FLORO LUFTHAVN                          ,NO,+61:34:59,+005:01:40,    9
 5118,SOGNDAL LUFTHAVN                        ,NO,+61:09:29,+007:08:29,  497
 5120,SANDANE                                 ,NO,+61:47:17,+006:11:00,   51
 5121,SANDANE LUFTHAVN                        ,NO,+61:49:45,+006:06:15,   60
 5132,BUHOLMRASA FYR                          ,NO,+64:24:05,+010:27:18,   18
 5137,SULA                                    ,NO,+63:50:48,+008:28:00,    5
 5138,SULA FYR                                ,NO,+63:51:00,+008:28:00,   28
 5139,NY-ALESUND I                            ,NO,+78:55:30,+011:55:48,   42
 5140,NY-ALESUND                              ,NO,+78:55:23,+011:55:59,    8
 5142,MOSSTRAND II                            ,NO,+59:50:22,+008:10:45,  977
 5146,SKIEN - GEITERYGGEN                     ,NO,+59:10:59,+009:34:00,  136
 5149,HEKKINGEN FYR                           ,NO,+69:36:02,+017:50:14,   14
 5150,TROMSO - LANGNES                        ,NO,+69:40:36,+018:54:47,    8
 5152,SORKJOSEN LUFTHAVN                      ,NO,+69:47:20,+020:57:19,    6
 5153,NORDSTRAUM I KVAENANGEN                 ,NO,+69:50:00,+021:53:03,    6
 5158,TONSTAD - NETTFED                       ,NO,+58:39:51,+006:42:32,   55
 5160,MELSOM                                  ,NO,+59:13:48,+010:20:53,   26
 5161,TORP                                    ,NO,+59:11:03,+010:15:19,   88
 5163,SMYGEHUK                                ,SE,+55:20:24,+013:21:36,    5
 5164,FALSTERBO_A                             ,SE,+55:22:48,+012:49:12,    5
 5165,MAGLARP                                 ,SE,+55:22:48,+013:03:36,   17
 5166,SANDHAMMAREN                            ,SE,+55:23:24,+014:11:24,    4
 5168,YSTAD                                   ,SE,+55:26:24,+013:49:48,   20
 5169,SKILLINGE_A                             ,SE,+55:29:24,+014:19:12,    4
 5171,RYNGE_V                                 ,SE,+55:29:24,+013:24:00,   50
 5173,STURUP                                  ,SE,+55:32:24,+013:22:12,   72
 5174,SIMRISHAMN                              ,SE,+55:32:24,+014:21:36,    8
 5175,MALMO                                   ,SE,+55:36:36,+013:04:48,   20
 5176,OSKARSGRUNDET_NO                        ,SE,+55:36:00,+012:51:36,    1
 5177,MALMO_2                                 ,SE,+55:36:00,+012:58:48,    3
 5180,STENSHUVUD                              ,SE,+55:39:36,+014:15:36,  112
 5181,BJORKA                                  ,SE,+55:42:00,+013:37:48,   32
 5182,LUND_LTH                                ,SE,+55:42:36,+013:13:12,   73
 5184,HORBY_A                                 ,SE,+55:51:36,+013:40:12,  114
 5186,ORJA                                    ,SE,+55:52:48,+012:52:12,   11
 5187,VEN                                     ,SE,+55:54:00,+012:43:12,   25
 5190,KRISTIANSTAD_EVEROD                     ,SE,+55:55:12,+014:04:48,   17
 5191,UTKLIPPAN                               ,SE,+55:57:00,+015:42:00,    3
 5192,RINKABY                                 ,SE,+55:58:48,+014:16:12,    7
 5193,KRISTIANSTAD                            ,SE,+56:19:48,+014:09:00,   10
 5194,HANO_A                                  ,SE,+56:00:36,+014:51:00,   55
 5195,KRISTIANSTAD_V                          ,SE,+56:01:12,+014:06:36,   10
 5196,HELSINGBORG_A                           ,SE,+56:01:48,+012:46:12,   43
 5197,UNGSKAR                                 ,SE,+56:02:24,+015:48:36,    3
 5198,HELSINGBORG                             ,SE,+56:02:24,+012:41:24,   43
 5200,OLANDS SODRA GRUND 1                    ,SE,+56:04:12,+016:40:48,    1
 5201,LJUNGBYHED                              ,SE,+56:04:48,+013:13:48,   43
 5203,KARLSKRONA-SODERSTJ.                    ,SE,+56:09:00,+015:35:24,    2
 5204,OLANDS SODRA UDDE                       ,SE,+56:12:00,+016:23:59,    2
 5205,OLANDS SODRA UDDE A                     ,SE,+56:12:00,+016:23:59,    2
 5209,HASTVEDA_MO                             ,SE,+56:16:48,+013:56:24,  103
 5210,KULLEN                                  ,SE,+56:18:00,+012:27:00,   72
 5211,OSBY                                    ,SE,+56:22:48,+013:58:48,   90
 5212,SKANES_FAGERHULT                        ,SE,+56:22:12,+013:28:12,  110
 5213,HUNNESTORP_V                            ,SE,+56:23:24,+012:56:24,  140
 5214,HALLANDS_VADERO_A                       ,SE,+56:27:00,+012:33:00,   10
 5215,HALLANDS_VADERO                         ,SE,+56:27:00,+012:33:00,   10
 5216,RYD                                     ,SE,+56:27:00,+014:43:12,  140
 5217,MARKARYD                                ,SE,+56:27:36,+013:39:36,  110
 5219,VISSEFJARDA                             ,SE,+56:30:36,+015:37:12,  114
 5227,EMMABODA                                ,SE,+56:37:48,+015:33:00,  150
 5228,OLANDSBRON V                            ,SE,+56:39:36,+016:26:24,    5
 5229,KALMAR                                  ,SE,+56:40:12,+016:21:00,    7
 5230,HALMSTAD                                ,SE,+56:40:12,+012:55:12,   24
 5232,KALMAR_FLYGFLOTTILJ                     ,SE,+56:43:48,+016:17:24,    6
 5233,KALMAR_FLYGPLATS                        ,SE,+56:40:48,+016:17:24,    6
 5234,HALMSTAD FLYGFLOTTILJ                   ,SE,+56:40:48,+012:49:48,   25
 5235,URASA                                   ,SE,+56:40:48,+014:57:00,  167
 5240,LJUNGBY                                 ,SE,+56:49:48,+013:57:00,  155
 5242,KOSTA_MO                                ,SE,+56:50:24,+015:28:12,  230
 5243,VAXJO_A                                 ,SE,+56:51:00,+014:49:48,  199
 5244,LJUNGBY_A                               ,SE,+56:51:00,+013:52:48,  148
 5245,FROSLIDA                                ,SE,+56:52:12,+013:04:12,   70
 5246,EFTRA-BROEN_V                           ,SE,+56:53:24,+012:40:12,   47
 5248,HOBURG_A                                ,SE,+56:55:12,+018:09:59,   39
 5249,VAXJO-KRONOBERG                         ,SE,+56:55:48,+014:43:48,  182
 5250,GLOMMEN                                 ,SE,+56:55:48,+012:21:36,    6
 5253,NASUDDEN                                ,SE,+57:04:12,+018:13:12,    5
 5254,VARBERG                                 ,SE,+57:06:36,+012:16:12,   20
 5255,GRIMETON                                ,SE,+57:06:36,+012:23:24,   25
 5256,ULLARED_A                               ,SE,+57:06:36,+012:46:48,  122
 5260,LAESO_OST_A                             ,SE,+57:10:48,+011:31:48,    4
 5267,RINGHALS                                ,SE,+57:15:36,+012:06:36,   10
 5269,MOSSEN                                  ,SE,+57:16:48,+017:00:00,   10
 5271,HAGSHULTS_FLYGPLATS                     ,SE,+57:17:24,+014:08:24,  169
 5272,STORA_KARLSO                            ,SE,+57:17:24,+017:57:36,   40
 5273,NIDINGEN                                ,SE,+57:18:00,+011:54:00,    5
 5274,OLANDS NORRA UDDE A                     ,SE,+57:22:12,+017:06:00,    2
 5275,HESTRA                                  ,SE,+57:23:24,+013:31:48,  220
 5276,ALLGUNNEN                               ,SE,+57:04:12,+015:58:12,  115
 5277,BUTTLE                                  ,SE,+57:24:00,+018:31:48,   45
 5279,AMBJORNARP                              ,SE,+57:25:12,+013:16:48,  220
 5281,HERRVIK                                 ,SE,+57:25:12,+018:55:12,   13
 5282,OSTERGARNSHOLM_A                        ,SE,+57:26:24,+018:59:24,    5
 5283,OSTERGARN                               ,SE,+57:27:00,+018:58:48,    5
 5285,ORBY                                    ,SE,+57:28:48,+012:42:00,   90
 5287,ROMA_V                                  ,SE,+57:29:24,+018:27:36,   35
 5288,TOMTABACKEN_A                           ,SE,+57:30:00,+014:28:12,  356
 5293,TRUBADUREN                              ,SE,+57:36:00,+011:38:24,    1
 5295,VINGA                                   ,SE,+57:37:48,+011:36:36,   12
 5297,NASSJO                                  ,SE,+57:38:24,+014:41:24,  305
 5300,VISBY_FLYGPLATS                         ,SE,+57:39:36,+018:20:24,   42
 5301,LANDVETTER_FLYGPLATS                    ,SE,+57:40:12,+012:18:00,  150
 5304,GLADHAMMAR_A                            ,SE,+57:42:36,+016:27:36,   35
 5305,TORSLANDA                               ,SE,+57:43:12,+011:46:48,    3
 5307,VASTERVIK                               ,SE,+57:47:24,+016:35:24,   35
 5308,DALSJOFORS                              ,SE,+57:43:12,+013:07:12,  257
 5310,JONKOPINGS_FLYGPLATS                    ,SE,+57:45:00,+014:04:12,  226
 5311,ULRICEHAMN                              ,SE,+57:46:12,+013:28:12,  175
 5312,RANGEDALA_A                             ,SE,+57:46:48,+013:10:12,  297
 5321,HORN_A                                  ,SE,+57:53:24,+015:52:12,   90
 5323,FARO                                    ,SE,+57:54:00,+019:09:36,   13
 5324,MULLSJO                                 ,SE,+57:55:12,+013:52:48,  270
 5325,FAROSUND_AR_A                           ,SE,+57:55:12,+018:57:36,   13
 5326,MOLLA                                   ,SE,+57:56:24,+013:04:12,  190
 5327,TINGHALLA                               ,SE,+57:58:12,+013:51:00,  240
 5328,ALVHEM                                  ,SE,+58:00:36,+012:09:00,    5
 5329,VARGARDA-HAGRUNGA                       ,SE,+58:01:12,+012:49:48,  148
 5330,TYLLINGE                                ,SE,+58:01:12,+016:04:47,  110
 5332,TRANAS_AUT                              ,SE,+58:01:48,+015:01:12,  185
 5333,MALEXANDER                              ,SE,+58:04:12,+015:14:24,  195
 5334,GRANNA                                  ,SE,+58:01:48,+014:28:12,  130
 5338,MALEXANDER_A                            ,SE,+58:04:12,+015:14:24,  195
 5339,KYMBO_V                                 ,SE,+58:04:48,+013:45:36,  220
 5341,VISINGSO                                ,SE,+58:05:24,+014:24:00,  100
 5342,MASESKAR_A                              ,SE,+58:05:24,+011:19:48,   16
 5343,VISINGSO_A                              ,SE,+58:06:00,+014:24:36,   94
 5344,FALERUM                                 ,SE,+58:08:24,+016:12:36,   80
 5346,GENDALEN                                ,SE,+58:09:36,+012:39:00,   90
 5347,ASBRACKA-TORPABRON_V                    ,SE,+58:10:48,+012:09:00,   20
 5349,VALDEMARSVIK                            ,SE,+58:12:36,+016:34:47,   10
 5350,LJUNGSKILE                              ,SE,+58:13:12,+011:55:48,   70
 5351,LANGJUM                                 ,SE,+58:13:12,+013:03:36,   95
 5352,HOGSTENA                                ,SE,+58:13:48,+013:43:12,  211
 5353,HARSTENA                                ,SE,+58:15:00,+017:00:36,    5
 5355,BORGUNDA                                ,SE,+58:17:24,+013:48:00,  181
 5358,TROLLHATTANS FLYGPLATS                  ,SE,+58:18:36,+012:19:48,   43
 5359,HALLUM_A                                ,SE,+58:19:12,+013:02:24,   70
 5360,HALLO                                   ,SE,+58:19:48,+011:13:12,   16
 5364,VANERSBORG                              ,SE,+58:21:36,+012:21:36,   50
 5365,SMOGEN                                  ,SE,+58:21:36,+011:13:48,   20
 5366,SKARA-STENUM                            ,SE,+58:22:12,+013:31:12,  115
 5367,SKARA-VASTERSKOG                        ,SE,+58:22:48,+013:19:48,  115
 5371,SKARA 1                                 ,SE,+58:24:00,+013:27:00,  115
 5372,SKARA                                   ,SE,+58:24:00,+013:27:00,  115
 5373,SKARA-EKEBERG                           ,SE,+58:24:00,+013:33:00,  115
 5374,ORBERGA                                 ,SE,+58:25:48,+014:49:48,  105
 5380,KARLSBORG_MO                            ,SE,+58:31:12,+014:30:36,   95
 5381,BJORNEGARDEN                            ,SE,+58:31:12,+013:04:12,   75
 5384,VADEROBOD                               ,SE,+58:33:00,+011:01:48,   22
 5385,VASTERPLANA                             ,SE,+58:33:36,+013:21:00,  128
 5386,SVARTEBORG                              ,SE,+58:34:12,+011:33:36,   70
 5387,AXSTAL_MO                               ,SE,+58:34:12,+014:34:12,   91
 5388,STORA_VADERO                            ,SE,+58:34:48,+011:04:12,   22
 5389,BALLEFORS                               ,SE,+58:34:48,+014:07:12,   90
 5390,NORRKOPING-SMHI                         ,SE,+58:34:48,+016:08:59,   21
 5391,NORRKOPING KUNSANGEN                    ,SE,+58:34:48,+016:14:23,    5
 5392,GUSTAF_DALEN_A                          ,SE,+58:35:24,+017:28:11,   25
 5393,ERIKSTAD-BERGARUD_V                     ,SE,+58:36:00,+012:25:12,   55
 5394,NORRKOPING                              ,SE,+58:36:36,+016:12:36,    3
 5395,KROPPEFJALL-GRANAN_A                    ,SE,+58:36:36,+012:12:00,  174
 5396,NORRKOPING-SORBY                        ,SE,+58:36:36,+016:07:12,   21
 5397,KVARN_MO                                ,SE,+58:37:48,+015:26:24,   72
 5398,HUD_V                                   ,SE,+58:37:48,+011:25:48,   80
 5399,ERIKSTAD                                ,SE,+58:38:24,+012:25:12,   65
 5400,FAGRE                                   ,SE,+58:39:00,+014:07:48,   85
 5403,KOLMARDEN-STROMSFORS                    ,SE,+58:41:24,+016:18:35,  153
 5404,NAVEN_A                                 ,SE,+58:42:00,+013:06:36,   53
 5406,FINSPANG 1                              ,SE,+58:42:36,+015:49:12,   41
 5407,KETTSTAKA_A                             ,SE,+58:43:12,+015:01:48,  225
 5408,STAVSJO                                 ,SE,+58:43:48,+016:22:12,   60
 5409,LANDSORT_A                              ,SE,+58:44:24,+017:52:12,   18
 5411,ODEBYN                                  ,SE,+58:46:48,+012:10:48,  150
 5412,NYKOPINGS_FLYGPLATS                     ,SE,+58:46:48,+016:55:12,   42
 5413,LURO 1                                  ,SE,+58:47:24,+013:15:00,   55
 5416,LURO                                    ,SE,+58:48:00,+013:15:00,   55
 5417,ZINKGRUVAN                              ,SE,+58:48:36,+015:07:48,  215
 5419,KARNSKOGEN                              ,SE,+58:51:00,+015:16:48,  215
 5420,MARIEDAMM                               ,SE,+58:51:00,+015:09:36,  215
 5421,GARDSJO_A                               ,SE,+58:52:48,+014:23:24,  211
 5422,ASKERSUND                               ,SE,+58:52:48,+014:54:00,  100
 5423,AKERSHUS                                ,SE,+58:54:00,+013:15:00,   50
 5425,BASTORP                                 ,SE,+58:54:00,+012:02:24,  150
 5426,STROMSTAD                               ,SE,+58:55:48,+011:12:00,   20
 5427,HUVUDSKAR_OST_A                         ,SE,+58:55:48,+019:10:48,    4
 5428,UTO                                     ,SE,+58:57:00,+018:16:12,   40
 5429,SNAVLUNDA                               ,SE,+58:58:12,+014:54:00,  135
 5430,STABBO                                  ,SE,+58:58:12,+018:27:00,   40
 5431,RIPSA                                   ,SE,+58:58:48,+016:55:12,   40
 5435,AMAL                                    ,SE,+59:03:00,+012:42:00,   60
 5436,FLODA_A                                 ,SE,+59:03:36,+016:23:59,   19
 5439,ATORP                                   ,SE,+59:06:00,+014:22:12,  105
 5440,RIKSTEN                                 ,SE,+59:10:48,+017:55:12,   45
 5442,DUNKER                                  ,SE,+59:11:24,+016:54:36,   35
 5443,ALMAGRUNDET_A                           ,SE,+59:09:36,+019:07:48,    3
 5447,BLOMSKOG_A                              ,SE,+59:13:12,+012:04:48,  170
 5448,OREBRO_A                                ,SE,+59:13:48,+015:03:00,   53
 5453,OREBRO_AUT                              ,SE,+59:16:12,+015:16:12,   23
 5454,OREBRO                                  ,SE,+59:15:36,+015:15:36,   31
 5455,VILLINGSBERG                            ,SE,+59:16:48,+014:42:00,  148
 5456,BLOMSKOG                                ,SE,+59:17:24,+012:03:00,  170
 5457,SANDHAMN                                ,SE,+59:17:24,+018:55:12,   10
 5458,STAVSNAS_A                              ,SE,+59:18:00,+018:42:36,   16
 5459,LENNARTSFORS                            ,SE,+59:18:00,+011:55:48,  170
 5466,ESKILSTUNA_MO                           ,SE,+59:22:48,+016:27:00,   15
 5467,ADELSO_A                                ,SE,+59:21:36,+017:31:12,    6
 5468,KARLSTAD_AUT                            ,SE,+59:21:36,+013:28:12,   46
 5471,ESKILSTUNA                              ,SE,+59:23:24,+016:27:36,    8
 5472,ESKILSTUNA_AUT                          ,SE,+59:23:24,+016:27:36,    9
 5475,BARKARBY                                ,SE,+59:25:12,+017:52:48,   17
 5477,SVENSKA_HOGARNA_A                       ,SE,+59:26:24,+019:30:36,   12
 5478,HUSARO                                  ,SE,+59:30:36,+018:50:24,   10
 5480,FELLINGSBRO-FINNAKER                    ,SE,+59:31:48,+015:35:24,   85
 5481,SVENSKA_BJORN                           ,SE,+59:33:00,+020:01:12,    1
 5483,SUTTERHOJDEN                            ,SE,+59:34:48,+013:55:48,   93
 5484,VASTERAS-HASSLO                         ,SE,+59:35:24,+016:37:48,   10
 5486,ASPHYTTAN                               ,SE,+59:36:36,+014:11:24,  130
 5487,MOLKOM                                  ,SE,+59:37:12,+013:45:00,   93
 5488,VASTERAS                                ,SE,+59:37:12,+016:33:00,   10
 5490,STOCKHOLM-ARLANDA                       ,SE,+59:37:48,+017:57:00,   42
 5492,ENKOPING_MO                             ,SE,+59:39:36,+017:06:36,   26
 5493,ARLANDA                                 ,SE,+59:39:36,+017:57:00,   26
 5495,DAGLOSEN_A                              ,SE,+59:39:36,+014:10:48,  133
 5496,ARVIKA                                  ,SE,+59:40:12,+012:35:24,   66
 5497,VINGAKER                                ,SE,+59:40:12,+015:57:36,   67
 5498,ARVIKA_A                                ,SE,+59:40:12,+012:38:24,   66
 5502,UTTERSBERG                              ,SE,+59:45:00,+015:40:12,   95
 5503,NORRTALJE                               ,SE,+59:46:12,+018:39:00,   15
 5504,SODERARM                                ,SE,+59:45:00,+019:24:36,   15
 5505,RIDDARHYTTAN                            ,SE,+59:48:36,+015:33:36,  155
 5507,SVANBERGA_A                             ,SE,+59:49:48,+018:37:48,   15
 5509,SUNNE                                   ,SE,+59:51:00,+013:10:12,  110
 5510,NORRTALJE-VASBY                         ,SE,+59:51:00,+018:43:48,   15
 5511,UPPSALA_AUT                             ,SE,+59:51:36,+017:37:48,   13
 5512,HANGSTAD                                ,SE,+59:51:36,+011:58:12,  130
 5513,SUNNE_A                                 ,SE,+59:51:36,+013:07:12,  110
 5515,KLOTEN_A                                ,SE,+59:52:12,+015:15:36,  289
 5516,HOGSATER                                ,SE,+59:52:48,+011:58:12,  130
 5517,UPPSALA_FLYGPLATS                       ,SE,+59:54:00,+017:35:24,   21
 5519,SALA_A                                  ,SE,+59:54:36,+016:41:24,   57
 5520,STALLDALEN                              ,SE,+59:57:00,+014:57:00,  205
 5522,STANGFALLET                             ,SE,+59:57:00,+014:52:48,  205
 5526,SKEPPSMORA_V                            ,SE,+60:06:36,+015:07:12,  240
 5530,GUSTAVSFORS                             ,SE,+60:09:00,+013:48:00,  190
 5531,GUSTAVSFORS_A                           ,SE,+60:09:00,+013:48:00,  187
 5532,SINGO                                   ,SE,+60:09:36,+018:44:24,   12
 5533,FOLKARNA                                ,SE,+60:10:12,+016:18:35,   68
 5536,DANNEMORA                               ,SE,+60:12:00,+017:54:59,   33
 5537,FILMS_KYRKBY                            ,SE,+60:14:24,+017:54:36,   39
 5538,KERSTINBO_A                             ,SE,+60:16:12,+016:58:48,   56
 5539,UNDERSTEN                               ,SE,+60:16:48,+018:55:12,   12
 5541,OSTMARK-LAMBACKEN                       ,SE,+60:18:36,+012:42:00,  160
 5542,OSTMARK-RANNBERG                        ,SE,+60:19:48,+012:40:48,  160
 5544,OREGRUND                                ,SE,+60:19:48,+018:25:48,    7
 5545,OSTMARK-ROJDASEN                        ,SE,+60:21:00,+012:39:00,  308
 5547,STORA_SPANSBERGET_A                     ,SE,+60:22:48,+015:08:24,  492
 5550,BORLANGE_AUT                            ,SE,+60:28:48,+015:25:48,  140
 5551,DOMNARVET                               ,SE,+60:30:00,+015:27:00,  128
 5552,GRUNDKALLEN                             ,SE,+60:30:00,+018:52:12,   23
 5553,BORLANGE                                ,SE,+60:30:00,+015:27:36,  145
 5554,MOCKFJARD                               ,SE,+60:30:36,+014:57:36,  190
 5555,ORSKAR_A                                ,SE,+60:31:48,+018:22:48,    8
 5561,BRATTMON_V                              ,SE,+60:38:24,+012:52:48,  525
 5563,GAVLE                                   ,SE,+60:39:00,+017:10:12,   16
 5564,MALUNG_A                                ,SE,+60:40:48,+013:42:36,  306
 5566,GAVLE_A                                 ,SE,+60:43:12,+017:09:36,   16
 5568,EGGEGRUND                               ,SE,+60:43:48,+017:34:12,    5
 5569,UTVALNAS                                ,SE,+60:45:00,+017:21:00,    5
 5570,VINTJARN                                ,SE,+60:49:48,+016:03:35,  348
 5571,VASTRA_BANKEN                           ,SE,+60:52:48,+017:55:48,   25
 5574,BACKA                                   ,SE,+60:55:12,+015:06:36,  230
 5575,MORA_A                                  ,SE,+60:57:36,+014:30:36,  196
 5576,AMOTSBRUK                               ,SE,+60:57:36,+016:27:36,  145
 5578,MORA                                    ,SE,+61:00:00,+014:35:24,  196
 5581,SALEN-HOGFJALLET_V                      ,SE,+61:05:24,+013:13:48,  725
 5582,RORBACKSNAS                             ,SE,+61:07:48,+012:49:12,  465
 5583,STORFJALLET-SALEN                       ,SE,+61:10:12,+013:07:12,  830
 5584,STORJUNGFRUN                            ,SE,+61:10:12,+017:19:47,   10
 5586,TANDADALEN                              ,SE,+61:10:48,+013:01:12,  830
 5587,ALVDALEN_A                              ,SE,+61:15:00,+014:02:24,  252
 5588,ALVDALEN_11                             ,SE,+61:15:36,+014:02:24,  250
 5591,EDSBYN_A                                ,SE,+61:21:36,+015:43:12,  184
 5592,EDSBYN                                  ,SE,+61:22:48,+015:50:24,  177
 5595,KVARNBERG                               ,SE,+61:26:24,+014:52:12,  434
 5596,NOPPIKOSKI                              ,SE,+61:30:00,+014:51:00,  340
 5598,AGO                                     ,SE,+61:33:00,+017:28:11,   20
 5600,HOLICK                                  ,SE,+61:37:12,+017:26:24,    8
 5601,HAMRA                                   ,SE,+61:39:36,+014:59:24,  454
 5602,HAMRA_A                                 ,SE,+61:39:36,+014:59:24,  454
 5603,SARNA                                   ,SE,+61:42:36,+013:07:48,  425
 5605,KUGGOREN                                ,SE,+61:42:00,+017:31:12,    8
 5608,DELSBO                                  ,SE,+61:47:24,+016:33:00,   70
 5609,DELSBO_A                                ,SE,+61:49:48,+016:32:24,   70
 5611,IDRE-STORBO_V                           ,SE,+61:52:12,+012:18:00,  660
 5612,BJURAKER                                ,SE,+61:51:00,+016:34:47,   70
 5613,FLOTNINGEN                              ,SE,+61:51:00,+012:16:12,  670
 5615,IDRE_FJALL_A                            ,SE,+61:53:24,+012:51:36,  869
 5616,GRAN                                    ,SE,+62:01:12,+017:37:48,   20
 5617,FINNEBY                                 ,SE,+62:02:24,+015:28:12,  259
 5618,SVEG_A                                  ,SE,+62:03:00,+014:24:36,  362
 5619,DRAVAGEN_A                              ,SE,+62:05:24,+013:36:36,  566
 5620,GROVELSJON                              ,SE,+62:06:00,+012:19:12,  815
 5621,LOFSDALEN                               ,SE,+62:06:36,+013:16:48,  610
 5622,BRAMO                                   ,SE,+62:07:48,+017:27:00,   17
 5624,BRAMON                                  ,SE,+62:13:12,+017:44:23,   17
 5625,LORUDDEN                                ,SE,+62:13:48,+017:39:36,   17
 5626,NORRBERG-NORRHOG_V                      ,SE,+62:16:48,+015:40:12,  320
 5628,SUNDSVALL                               ,SE,+62:24:36,+017:16:12,   35
 5631,SUNDSVALL-RASTA_V                       ,SE,+62:25:48,+017:21:00,   80
 5632,TORPSHAMMAR_A                           ,SE,+62:29:24,+016:16:48,   99
 5633,KLOVSJOHOJDEN_A                         ,SE,+62:30:00,+014:09:36,  802
 5635,FRANSTA_11                              ,SE,+62:31:12,+016:12:36,   99
 5637,KLOVSJO                                 ,SE,+62:31:48,+014:12:00,  802
 5639,FJALLNAS                                ,SE,+62:34:48,+012:13:12,  780
 5640,HARNO                                   ,SE,+62:37:12,+018:03:35,   10
 5641,LUNGO                                   ,SE,+62:38:24,+018:05:24,   17
 5642,SKALAN                                  ,SE,+62:39:00,+014:10:12,  802
 5643,FLATRUET_V                              ,SE,+62:43:48,+012:43:48,  955
 5644,HUNGE                                   ,SE,+62:45:00,+015:06:00,  342
 5645,HUNGE_A                                 ,SE,+62:45:00,+015:05:24,  343
 5646,BORTNAN_A                               ,SE,+62:45:36,+013:51:00,  467
 5647,SILLRE_V                                ,SE,+62:45:36,+016:42:36,  205
 5649,STORSJO_KAPELL                          ,SE,+62:48:00,+013:04:12,  580
 5655,SYLARNA                                 ,SE,+63:02:24,+012:16:48, 1030
 5656,BYDALEN_V                               ,SE,+63:02:24,+013:53:24, 1000
 5657,VIKSBACKEN                              ,SE,+63:03:00,+017:45:00,    5
 5658,KRAMFORS-GISTGARDSON                    ,SE,+63:03:00,+017:46:12,    5
 5660,VASTMARKUM_A                            ,SE,+63:07:48,+018:15:36,  141
 5661,BOLESTRAND                              ,SE,+63:07:48,+016:08:59,  183
 5662,KRANGEDE_A                              ,SE,+63:09:36,+016:10:12,  183
 5663,NORDERON                                ,SE,+63:09:00,+014:22:12,  320
 5665,SOLLEFTEA                               ,SE,+63:10:12,+017:16:48,   20
 5666,BLAHAMMAREN_A                           ,SE,+63:11:24,+012:10:48, 1090
 5667,SKAGSUDDE                               ,SE,+63:11:24,+019:01:12,   11
 5670,TRILLEVALLEN_V                          ,SE,+63:15:36,+013:13:12,  611
 5671,STORLIEN-STORVALLEN                     ,SE,+63:16:48,+012:07:12,  583
 5672,STORLIEN                                ,SE,+63:19:12,+012:06:00,  583
 5674,MORSIL                                  ,SE,+63:19:12,+013:39:00,  400
 5675,MATTMAR_V                               ,SE,+63:19:12,+013:42:36,  355
 5678,ARE-BJORNANGE_V                         ,SE,+63:22:48,+013:09:36,  435
 5679,SYDOSTBROTTEN                           ,SE,+63:22:48,+020:06:00,   24
 5681,ARE                                     ,SE,+63:24:00,+013:06:00,  440
 5682,ORNSKOLDSVIKS FLYGPLATS                 ,SE,+63:24:36,+019:00:00,  108
 5683,ARESKUTAN                               ,SE,+63:25:48,+013:04:12, 1280
 5684,JARNASKLUBB_A                           ,SE,+63:26:24,+019:40:48,    6
 5685,BREDBYN                                 ,SE,+63:27:36,+018:03:35,   80
 5686,NORDMALING                              ,SE,+63:34:12,+019:29:24,    4
 5687,HOLMOGADD A                             ,SE,+63:35:24,+020:45:36,    6
 5690,HEMLING_A                               ,SE,+63:39:00,+018:33:00,  182
 5692,FOLLINGE_A                              ,SE,+63:40:48,+014:36:36,  362
 5693,GISSELAS                                ,SE,+63:42:00,+015:22:12,  320
 5694,HALLVIKEN                               ,SE,+63:43:48,+015:30:00,  375
 5695,FOLLINGE-VAGSKALET                      ,SE,+63:45:36,+014:25:48,  362
 5696,HALLHAXASEN_A                           ,SE,+63:46:12,+015:19:48,  375
 5698,UMEA_FLYGPLATS                          ,SE,+63:47:24,+020:17:24,   14
 5700,UMEA                                    ,SE,+63:49:48,+020:16:48,   14
 5701,KORSVATTNET_A                           ,SE,+63:50:24,+013:30:00,  717
 5702,STROMSUND                               ,SE,+63:51:00,+015:35:24,  375
 5703,ALASEN                                  ,SE,+63:52:12,+014:36:36,  450
 5704,VANNAS                                  ,SE,+63:55:12,+019:42:00,  100
 5706,STORA_STENSJON                          ,SE,+63:58:12,+013:43:48,  717
 5707,EDEVIK                                  ,SE,+63:58:48,+012:52:12,  425
 5709,BJORKEDE                                ,SE,+64:02:24,+012:56:24,  451
 5710,FREDRIKA_A                              ,SE,+64:04:48,+018:22:12,  327
 5711,FREDRIKA                                ,SE,+64:04:48,+018:25:12,  327
 5712,HOTING_A                                ,SE,+64:05:24,+016:14:23,  241
 5714,VINDELN-SUNNANSJONAS                    ,SE,+64:12:00,+019:43:12,  237
 5715,ASELE                                   ,SE,+64:09:36,+017:22:12,  310
 5716,ASELE_A                                 ,SE,+64:10:12,+017:19:12,  307
 5718,GUBBHOGEN_A                             ,SE,+64:13:12,+015:33:36,  310
 5719,HALLNAS-LUND                            ,SE,+64:16:12,+019:37:48,  237
 5722,HOKMARKSBERGET_V                        ,SE,+64:23:24,+021:18:36,  105
 5723,NORRAKER                                ,SE,+64:25:48,+015:37:48,  270
 5725,IDVATTNET                               ,SE,+64:27:00,+017:04:47,  352
 5727,BJUROKLUBB                              ,SE,+64:28:48,+021:34:48,   36
 5729,LYCKSELE_A                              ,SE,+64:33:00,+018:43:12,  210
 5730,HOGLAND                                 ,SE,+64:34:11,+015:55:12,  330
 5731,PETISTRASK_A                            ,SE,+64:34:11,+019:42:00,  258
 5732,VILHELMINA_A                            ,SE,+64:34:48,+016:50:24,  348
 5733,SKELLEFTEA_FLYGPLATS                    ,SE,+64:37:12,+021:04:12,   48
 5735,RISTRASK_V                              ,SE,+64:42:35,+017:26:24,  575
 5738,KLUTMARK                                ,SE,+64:45:00,+020:37:48,   80
 5739,BRANNAKERSFJALLET_V                     ,SE,+64:45:00,+015:49:48,  630
 5740,SKELLEFTEA                              ,SE,+64:45:36,+020:57:00,   14
 5742,ANKARVATTNET                            ,SE,+64:52:12,+014:15:00,  470
 5743,NORSJO                                  ,SE,+64:54:36,+019:28:48,  296
 5744,FURUOGRUND                              ,SE,+64:54:36,+021:13:48,   10
 5745,NORSJO_A                                ,SE,+64:55:48,+019:22:48,  309
 5746,STORLIDEN                               ,SE,+64:57:00,+019:28:48,  296
 5747,SAXNAS_V                                ,SE,+64:58:12,+015:23:24,  545
 5748,GUNNARN_A                               ,SE,+65:00:36,+017:42:00,  251
 5751,RONNSKAR                                ,SE,+65:02:24,+021:34:12,    4
 5753,KLIMPFJALL                              ,SE,+65:03:36,+014:47:24,  594
 5754,STEKENJOKK_A                            ,SE,+65:05:24,+014:30:36, 1036
 5756,FALLFORS_MO                             ,SE,+65:06:36,+020:46:12,  195
 5757,FALLFORS                                ,SE,+65:07:47,+020:47:24,  195
 5758,MALA-BRANNAN_A                          ,SE,+65:09:00,+018:36:00,  363
 5760,PITSUND                                 ,SE,+65:13:48,+021:31:12,    4
 5761,DIKANAS                                 ,SE,+65:14:23,+015:59:24,  525
 5762,HARAHOLMEN                              ,SE,+65:14:23,+021:37:48,    4
 5763,KITTELFJALL                             ,SE,+65:15:00,+015:30:00,  560
 5764,PITEA                                   ,SE,+65:19:11,+021:29:24,    9
 5766,MYRHEDEN                                ,SE,+65:18:00,+020:12:36,  250
 5767,RODKALLEN_A                             ,SE,+65:18:36,+022:22:12,    1
 5768,DIKANAS_SKANSNAS                        ,SE,+65:19:11,+016:02:24,  484
 5769,GIELAS_A                                ,SE,+65:19:48,+015:04:12,  577
 5770,FARSTUGRUNDEN                           ,SE,+65:19:48,+022:45:00,    1
 5772,STORBERG                                ,SE,+65:30:36,+018:57:00,  453
 5773,ABELVATTNET                             ,SE,+65:31:48,+014:58:12,  665
 5776,BURESJON_A                              ,SE,+65:33:36,+017:51:36,  393
 5778,ARVIDSJAUR_A                            ,SE,+65:35:59,+019:16:12,  382
 5780,ALVSBYN_A                               ,SE,+65:40:12,+021:04:12,   40
 5782,ALVSBYN_M                               ,SE,+65:40:48,+020:58:12,   40
 5783,ALVSBYN M 1                             ,SE,+65:41:24,+020:59:24,   47
 5784,STORON_A                                ,SE,+65:42:00,+023:06:00,    4
 5786,TARNABY                                 ,SE,+65:43:12,+015:15:00,  450
 5787,STOROHAMN                               ,SE,+65:43:48,+023:05:24,    4
 5788,SAVAST_V                                ,SE,+65:45:00,+021:46:12,    9
 5789,VINDEL-STORSJO                          ,SE,+65:46:12,+017:03:00,  350
 5790,HEMAVAN-GIERTEVARTO A                   ,SE,+65:46:48,+015:03:36,  793
 5792,BODEN                                   ,SE,+65:49:11,+021:38:24,   25
 5793,VINDEL-BJORKHEDEN                       ,SE,+65:49:11,+016:42:36,  350
 5794,HAPARANDA_A                             ,SE,+65:49:11,+024:07:12,   16
 5795,HEDNORET                                ,SE,+65:49:48,+021:33:00,   27
 5796,KALIX                                   ,SE,+65:50:59,+023:12:00,    6
 5797,VIDSEL_MO                               ,SE,+65:52:47,+020:09:00,  182
 5798,VIDSEL                                  ,SE,+65:52:47,+020:07:48,  180
 5800,SUDDESJAUR                              ,SE,+65:54:00,+019:05:24,  370
 5804,ABRAUR                                  ,SE,+65:59:23,+018:55:12,  370
 5805,HARADS                                  ,SE,+66:04:48,+020:58:12,   55
 5807,OVERKALIX-SVARTBYN_A                    ,SE,+66:15:36,+022:51:00,   61
 5808,OVERKALIX-SVARTBYN                      ,SE,+66:20:24,+022:48:00,   61
 5809,LAKATRASK_A                             ,SE,+66:16:48,+021:07:48,  185
 5810,TJAKAAPE_MO                             ,SE,+66:18:00,+019:12:00,  581
 5811,SUDOK                                   ,SE,+66:18:00,+020:25:12,  170
 5812,JAKKVIK_V                               ,SE,+66:19:48,+017:06:00,  552
 5813,OVERTORNEA                              ,SE,+66:22:47,+023:39:00,   70
 5814,PALKEM_M                                ,SE,+66:23:24,+021:37:12,  261
 5817,LILLVIKEN-ROPARUDDEN                    ,SE,+66:29:23,+016:26:24,  481
 5818,VAJMAT_V                                ,SE,+66:30:36,+019:40:48,  324
 5819,NAISHEDEN                               ,SE,+66:31:48,+022:22:12,   95
 5820,STENUDDEN                               ,SE,+66:31:48,+017:40:12,  458
 5821,VUOGGATJALME                            ,SE,+66:34:48,+016:21:00,  500
 5822,YLINENJARVI_A                           ,SE,+66:37:12,+023:28:12,  132
 5824,MIERKENIS_A                             ,SE,+66:40:48,+016:06:36,  614
 5825,KARATS                                  ,SE,+66:41:24,+018:48:36,  420
 5828,NATTAVAARA_A                            ,SE,+66:45:00,+020:55:48,  327
 5829,NATTAVAARA_BY                           ,SE,+66:45:36,+021:03:00,  350
 5830,RANDIJAUR                               ,SE,+66:45:36,+019:19:12,  285
 5832,PAHAROVA_A                              ,SE,+66:48:36,+022:20:24,  228
 5833,KORPILOMBOLO_M                          ,SE,+66:50:59,+023:03:36,  178
 5834,KVIKKJOKK-ARRENJARKA                    ,SE,+66:57:35,+017:43:48,  314
 5835,KVIKKJOKK-ARRENJARKA A                  ,SE,+66:53:24,+018:01:12,  320
 5836,KOMPELUSVAARA                           ,SE,+67:05:24,+022:13:12,  255
 5838,GALLIVARE_FLYGPLATS                     ,SE,+67:08:24,+020:48:36,  312
 5839,GALLIVARE_A                             ,SE,+67:08:24,+020:39:00,  359
 5840,GALLIVARE                               ,SE,+67:08:24,+020:39:36,  400
 5842,MALMBERGET                              ,SE,+67:10:12,+020:40:12,  400
 5843,LATNIVAARA_A                            ,SE,+67:15:36,+020:16:12,  453
 5844,ALUOKTA                                 ,SE,+67:18:36,+018:54:00,  385
 5845,SAITTAROVA_A                            ,SE,+67:20:24,+022:13:48,  240
 5846,SALTOLUOKTA                             ,SE,+67:22:47,+018:33:00,  393
 5848,STORA_SJOFALLET_A                       ,SE,+67:30:00,+018:17:24,  425
 5851,RITSEM                                  ,SE,+67:43:48,+017:28:11,  521
 5852,RITSEM_A                                ,SE,+67:43:48,+017:28:11,  532
 5853,PARKALOMPOLO_A                          ,SE,+67:43:48,+022:49:48,  312
 5854,LAINIO                                  ,SE,+67:45:36,+022:21:00,  315
 5855,KIRUNA_FLYGPLATS                        ,SE,+67:49:48,+020:20:24,  459
 5856,NIKKALUOKTA                             ,SE,+67:50:59,+019:01:12,  470
 5858,NIKKALUOKTA_A                           ,SE,+67:50:59,+019:01:48,  466
 5859,ESRANGE                                 ,SE,+67:53:24,+021:04:12,  335
 5860,TARFALA_A                               ,SE,+67:54:36,+018:36:36, 1150
 5861,MUODOSLOMPOLO                           ,SE,+67:56:24,+023:26:24,  240
 5862,NEDRE_SOPPERO_V                         ,SE,+68:03:00,+021:46:12,  355
 5863,LANNAVAARA                              ,SE,+68:03:00,+021:58:48,  630
 5864,RENSJON_A                               ,SE,+68:04:11,+019:50:24,  493
 5865,TORNETRASK                              ,SE,+68:13:12,+019:42:36,  393
 5866,KATTUVUOMA                              ,SE,+68:16:48,+019:54:00,  355
 5867,ABISKO_AUT                              ,SE,+68:21:36,+018:49:12,  388
 5869,KATTERJAKK_A                            ,SE,+68:25:12,+018:10:12,  516
 5870,RIKSGRANSEN                             ,SE,+68:25:48,+018:07:48,  508
 5871,VASSIJAURE                              ,SE,+68:25:48,+018:16:48,  537
 5872,TORNEHAMN                               ,SE,+68:25:48,+018:37:48,  512
 5873,KARESUANDO_A                            ,SE,+68:26:24,+022:27:00,  330
 5874,NAIMAKKA_A                              ,SE,+68:40:48,+021:31:48,  402
 5875,NAIMAKKA                                ,SE,+68:40:48,+021:31:48,  403
 6114,FAROSUND                                ,SE,+57:52:12,+019:03:00,   20
 6236,OREBRO_FLYGPLATS                        ,SE,+59:04:48,+015:04:12,   53
 6286,ARBOGA                                  ,SE,+59:22:48,+015:49:48,   50
 6488,FINNGRUNDETS FYRSKEPP                   ,SE,+61:04:12,+018:40:48,   25
 6924,OLANDS SODRA GRUND                      ,SE,+56:04:12,+016:40:48,    1
 6937,WAGENINGEN - HAARWEG                    ,NL,+51:58:00,+005:37:59,    7
 7962,DUNDAS                                  ,GL,+76:34:00,-068:48:00,   21
 7963,QAANAAQ                                 ,GL,+77:28:00,-069:13:00,   16
 7964,PITUFFIK                                ,GL,+76:31:59,-068:45:00,   77
 7965,KITSISSUT                               ,GL,+76:37:59,-073:00:00,   11
 7966,MITT. QAANAAQ                           ,GL,+77:28:59,-069:22:59,   16
 7967,HALL LAND                               ,GL,+81:40:59,-059:57:00,  105
 7968,KITSISSORSUIT                           ,GL,+74:01:59,-057:49:00,   40
 7969,UPERNAVIK AWS                           ,GL,+72:46:59,-056:10:00,   63
 7970,UPERNAVIK                               ,GL,+72:46:59,-056:10:00,  120
 7971,MITT. UPERNAVIK                         ,GL,+72:46:59,-056:07:59,  126
 7972,UUMMANNAQ HELI.                         ,GL,+70:40:59,-052:07:00,    2
 7973,MITT. QAARSUT                           ,GL,+70:43:59,-052:42:00,   88
 7974,QULLITSAT                               ,GL,+70:03:00,-052:51:00,    2
 7975,NUUSSUAQ                                ,GL,+70:40:59,-054:37:00,   27
 7976,QASIGIANNGUIT HELI.                     ,GL,+68:49:00,-051:10:00,   24
 7977,QEQERTARSUAQ                            ,GL,+69:13:59,-053:31:00,   24
 7978,QEQERTARSUAQ HELI.                      ,GL,+69:15:00,-053:31:59,   11
 7979,AASIAAT                                 ,GL,+68:42:00,-052:45:00,   43
 7980,MITT. AASIAAT                           ,GL,+68:43:00,-052:46:59,   23
 7981,KITSISSUT/ATTU                          ,GL,+67:46:59,-053:58:00,   12
 7982,SISIMIUT                                ,GL,+66:55:00,-053:40:00,   12
 7983,KANGERLUSSUAQ                           ,GL,+67:01:00,-050:42:00,   50
 7984,MITT. SISIMIUT                          ,GL,+66:57:00,-053:43:00,   10
 7985,DYE 1                                   ,GL,+66:37:59,-052:52:00, 1439
 7986,KANGAAMIUT                              ,GL,+65:49:00,-053:19:00, -999
 7987,MANIITSOQ                               ,GL,+65:24:00,-052:52:00,   25
 7988,MITT. MANIITSOQ                         ,GL,+65:25:00,-052:55:59,   28
 7989,SIORALIK                                ,GL,+65:01:00,-052:33:00,   14
 7990,ATAMMIK                                 ,GL,+64:48:00,-052:09:00, -999
 7991,QOORNOQ                                 ,GL,+64:31:59,-051:03:00, -999
 7992,KAPISILLIT                              ,GL,+64:25:00,-050:18:00, -999
 7993,NUUK                                    ,GL,+64:10:00,-051:45:00,   80
 7994,KITSISSUT-1                             ,GL,+64:01:59,-052:04:59,   19
 7995,KANGERLUARSORUSEQ                       ,GL,+63:42:00,-051:33:00,   10
 7996,UKIIVIK                                 ,GL,+62:34:00,-050:25:00,   22
 7997,QEQERTARSUATSIAAT                       ,GL,+63:04:59,-050:40:59, -999
 7998,MITT. NUUK                              ,GL,+64:12:00,-051:40:59,   86
 7999,MITT. PAAMIUT                           ,GL,+62:01:00,-049:40:00,   36
 8000,KANGILINNGUIT                           ,GL,+61:13:59,-048:06:00,   35
 8001,ARSUK                                   ,GL,+61:10:59,-048:27:00, -999
 8002,NARSALIK                                ,GL,+61:39:00,-049:22:00, -999
 8003,NUNARSUIT                               ,GL,+60:46:00,-048:27:00,   33
 8004,MITT. NARSARSUAQ                        ,GL,+61:10:00,-045:25:00,   27
 8005,QAQORTOQ                                ,GL,+60:43:00,-046:03:00,   32
 8006,QAQORTOQ HELIPORT                       ,GL,+60:43:00,-046:01:59,   18
 8007,QASSIMIUT                               ,GL,+60:48:00,-047:06:00, -999
 8008,NARSAQ HELIPORT                         ,GL,+60:55:00,-046:03:00,   25
 8009,ALLUITSUP PAA HELIP.                    ,GL,+60:28:00,-045:34:59,   23
 8010,NANORTALIK HELIPORT                     ,GL,+60:07:59,-045:13:59,    5
 8011,ANGISOQ                                 ,GL,+59:58:59,-045:07:59,   20
 8012,NARSAQ KUJALLEQ                         ,GL,+59:58:00,-044:03:00, -999
 8013,KAP MORRIS JESUP                        ,GL,+83:39:00,-033:22:00,    4
 8014,KAP HARALD MOLTKE                       ,GL,+82:09:00,-029:55:00,    4
 8015,STATION NORD                            ,GL,+81:36:00,-016:38:59,   36
 8016,STATION NORD AWS                        ,GL,+81:36:00,-016:40:00,   34
 8017,HENRIK KROYER HOLME                     ,GL,+80:39:00,-013:43:00,   10
 8018,DANEBORG                                ,GL,+74:18:00,-020:13:00,   44
 8019,MESTERSVIG                              ,GL,+72:15:00,-023:54:00,   16
 8020,ITTOQQORTOORMIIT                        ,GL,+70:28:59,-021:57:00,   70
 8021,UUNARTEQ                                ,GL,+70:25:00,-021:58:00,   41
 8022,MITT. NERLERIT INAAT                    ,GL,+70:45:00,-022:39:00,   13
 8023,JAMESON LAND                            ,GL,+71:10:59,-023:37:00,  261
 8024,APUTITEEQ                               ,GL,+67:46:59,-032:17:59,   13
 8025,MITT. KULUSUK                           ,GL,+65:34:59,-037:09:00,   35
 8026,DYE 4                                   ,GL,+65:31:00,-037:10:00,  329
 8027,ORSUIAGSSUAQ                            ,GL,+65:28:59,-038:52:59,   71
 8028,IKERMIT                                 ,GL,+64:46:59,-040:18:00,   85
 8029,TIMMIARMIUT                             ,GL,+62:31:59,-042:07:59,   10
 8030,IKERMIUARSUK                            ,GL,+61:55:59,-042:04:00,   39
 8031,QULLEQ                                  ,GL,+61:31:59,-042:13:59,  157
 8032,IKERASASSUAQ                            ,GL,+60:03:00,-043:10:00,   88
 8033,RENLAND                                 ,GL,+71:30:00,-026:31:59, 2320
 8034,SUMMIT-1                                ,GL,+72:34:59,-037:37:59, 3250
 8035,SUMMIT-2                                ,GL,+72:34:59,-038:27:00, 3202
 8036,DYE 2                                   ,GL,+66:28:59,-046:16:59, 2332
 8037,DYE 3                                   ,GL,+65:10:59,-043:49:59, 2652
 8038,IKERASASSUAQ                            ,GL,+60:01:59,-043:07:00,   26
 8555,WAGENINGEN - VEENKAMPEN                 ,NL,+51:58:53,+005:37:18,    5
10961,VOORSCHOTEN                             ,NL,+52:08:22,+004:26:11,   -1
10981,P11-B                                   ,NL,+52:22:00,+003:21:00,   23
10982,F3-FB-1                                 ,NL,+54:51:14,+004:43:39,    0
11008,ATHENRY                                 ,IE,+53:16:48,-008:46:47,   40
11010,ALGUAIRE                                ,ES,+41:44:34,+000:32:08,  370
11011,AMPOSTA                                 ,ES,+40:42:28,+000:37:55,    3
11012,ANGLES                                  ,ES,+41:57:38,+002:37:51,  150
11013,BANYOLES                                ,ES,+42:06:59,+002:47:22,  176
11014,BARCELONA-EL RAVAL                      ,ES,+41:23:02,+002:10:03,   33
11015,BARCELONA-ZONA UNIVERSITARIA            ,ES,+41:22:45,+002:06:19,   79
11016,BENISSANET                              ,ES,+41:03:46,+000:38:06,   32
11017,BOI                                     ,ES,+42:27:57,+000:53:03, 2535
11018,BONAIGUA                                ,ES,+42:38:48,+000:59:04, 2266
11019,CABRILS                                 ,ES,+41:31:04,+002:22:36,   81
11020,CADI NORD-PRAT DAGUILO                  ,ES,+42:17:33,+001:42:54, 2143
11021,CALDES DE MONTBUI                       ,ES,+41:36:46,+002:10:05,  176
11022,CASTELLBISBAL                           ,ES,+41:28:44,+001:58:32,  147
11023,CASTELL DARO                            ,ES,+41:48:30,+003:01:57,   14
11024,CASTELLNOU DE BAGES                     ,ES,+41:49:50,+001:50:48,  507
11025,CASTELLNOU DE SEANA                     ,ES,+41:39:24,+000:57:06,  264
11026,CERTASCAN                               ,ES,+42:41:00,+001:16:18, 2400
11027,CERVERA                                 ,ES,+41:40:32,+001:17:45,  554
11028,CONSTANTI                               ,ES,+41:10:17,+001:10:04,  112
11029,CUNIT                                   ,ES,+41:12:06,+001:37:59,   17
11030,DAS-AERODROM                            ,ES,+42:23:09,+001:51:59, 1097
11031,EL PERELLO                              ,ES,+40:52:22,+000:42:56,  179
11032,EL PONT DE SUERT                        ,ES,+42:23:53,+000:44:36,  823
11033,EL PORT DEL COMTE                       ,ES,+42:10:57,+001:31:27, 2316
11034,EL PRAT DE LLOBREGAT                    ,ES,+41:20:25,+002:04:49,    8
11035,ELS HOSTALETS DE PIEROLA                ,ES,+41:31:51,+001:48:29,  316
11036,EL VENDRELL                             ,ES,+41:12:56,+001:31:15,   59
11037,ESPOT                                   ,ES,+42:32:03,+001:03:16, 2519
11038,FALSET                                  ,ES,+41:09:12,+000:49:09,  359
11039,FONT-RUBI                               ,ES,+41:25:58,+001:37:26,  415
11040,GIRONA                                  ,ES,+41:58:55,+002:48:24,   72
11041,GUARDIOLA DE BERGUEDA                   ,ES,+42:14:03,+001:52:28,  788
11042,HORTA DE SANT JOAN                      ,ES,+40:57:05,+000:18:20,  515
11043,ILLA DE BUDA                            ,ES,+40:42:25,+000:50:03,    1
11044,LA BISBAL DEMPORDA                      ,ES,+41:58:39,+003:02:07,   28
11045,LAC REDON                               ,ES,+42:38:17,+000:46:44, 2247
11046,LA PANADELLA                            ,ES,+41:36:09,+001:24:02,  785
11047,LA POBLA DE SEGUR - BOMBERS             ,ES,+42:14:21,+000:57:51,  513
11048,LA QUAR                                 ,ES,+42:04:49,+001:57:45,  873
11049,LA SEU DURGELL                          ,ES,+42:22:14,+001:25:58,  849
11050,LESPLUGA DE FRANCOLI                    ,ES,+41:23:33,+001:05:56,  446
11051,MALGRAT DE MAR                          ,ES,+41:38:48,+002:45:24,    2
11052,MALNIU                                  ,ES,+42:27:57,+001:46:41, 2230
11053,MAS DE BARBERANS-ABOCADOR               ,ES,+40:43:05,+000:23:58,  240
11054,MOLLO-FABERT                            ,ES,+42:22:37,+002:24:51, 1405
11055,MONTSEC                                 ,ES,+42:03:05,+000:43:45, 1572
11056,MONTSERRAT-SANT DIMES                   ,ES,+41:35:43,+001:50:15,  916
11057,MUNTANYOLA                              ,ES,+41:52:41,+002:10:42,  816
11058,NURIA                                   ,ES,+42:22:54,+002:09:19, 1971
11059,ODENA                                   ,ES,+41:35:11,+001:39:11,  333
11060,OLOT - PLA DE BAIX                      ,ES,+42:11:29,+002:28:57,  421
11061,ORGANYA                                 ,ES,+42:12:57,+001:19:53,  565
11062,ORIS                                    ,ES,+42:04:26,+002:12:30,  626
11063,PARETS DEL VALLES                       ,ES,+41:34:01,+002:13:33,  123
11064,PN DELS PORTS                           ,ES,+40:47:48,+000:19:05, 1055
11065,PORTBOU                                 ,ES,+42:26:07,+003:09:57,  196
11066,PUIG SESOLLES                           ,ES,+41:46:24,+002:26:16, 1668
11067,RAIMAT                                  ,ES,+41:40:59,+000:26:54,  286
11068,ROSES                                   ,ES,+42:16:14,+003:10:54,   24
11069,SABADELL-PARC AGRARI                    ,ES,+41:33:56,+002:04:09,  258
11070,SALORIA                                 ,ES,+42:31:09,+001:21:56, 2451
11071,SANT CUGAT DEL VALLES-CAR               ,ES,+41:28:59,+002:04:45,  158
11072,SANT PAU DE SEGURIES                    ,ES,+42:15:29,+002:21:51,  852
11073,SANT PERE PESCADOR                      ,ES,+42:10:37,+003:05:48,    4
11074,SANT ROMA DABELLA                       ,ES,+42:08:21,+001:02:20,  690
11075,SANT SALVADOR DE GUARDIOLA              ,ES,+41:40:26,+001:46:04,  349
11076,SANTUARI DE QUERALT                     ,ES,+42:06:25,+001:49:36, 1167
11077,SASSEUVA                                ,ES,+42:46:12,+000:43:54, 2228
11078,SOLSONA                                 ,ES,+41:59:16,+001:30:42,  691
11079,TARRAGONA-COMPLEX EDUCATIU              ,ES,+41:06:14,+001:12:03,    5
11080,TARREGA                                 ,ES,+41:40:00,+001:09:55,  427
11081,TORREDEMBARRA                           ,ES,+41:08:48,+001:25:05,    2
11082,ULLDEMOLINS                             ,ES,+41:19:12,+000:53:08,  687
11083,VALLIRANA                               ,ES,+41:22:54,+001:56:08,  252
11084,VIELHA E MIJARAN                        ,ES,+42:41:54,+000:47:38, 1002
11085,VILADRAU                                ,ES,+41:50:24,+002:25:06,  953
11086,VILANOVA DE MEIA                        ,ES,+41:59:44,+001:01:32,  594
11087,VILA-RODONA                             ,ES,+41:18:25,+001:21:45,  287
11088,VINEBRE                                 ,ES,+41:11:06,+000:35:36,   53
11092,ILSENG                                  ,NO,+60:48:10,+011:12:10,  182
11093,ULVIK-HJELTNES                          ,NO,+60:33:48,+006:55:57,   42
11094,LINGE                                   ,NO,+62:17:17,+007:13:01,   24
11095,NARVIK-FAGERNESFJELLET                  ,NO,+68:25:15,+017:28:49, 1000
11096,SORTLAND-KLEIVA                         ,NO,+68:38:53,+015:16:58,   14
11099,NOTODDEN FLYPLASS                       ,NO,+59:34:00,+009:12:38,   20
11114,SKALVAER                                ,NO,+65:52:00,+012:10:59,    6
11122,NORD-SOLVAER                            ,NO,+66:22:05,+012:38:39,    7
11124,MYKEN                                   ,NO,+66:45:38,+012:28:39,   19
11127,HELLIGVAER                              ,NO,+67:25:32,+013:55:28,   14
11129,GROTOY                                  ,NO,+67:49:59,+014:46:59,    6
11131,DRAG I TYSFJORD                         ,NO,+68:02:47,+016:02:02,   60
11134,NARVIK II                               ,NO,+68:28:08,+017:29:31,   32
11136,GLAPEN FYR                              ,NO,+67:52:59,+013:03:00,   31
11137,SKOMVAER FYR                            ,NO,+67:24:37,+011:52:23,   18
11138,KVALNES I LOFOTEN                       ,NO,+68:20:33,+013:57:52,   10
11140,ANDENES                                 ,NO,+69:19:24,+016:07:12,    5
11206,NARSARSUAQ RADISONDE                    ,GL,+61:09:00,-045:25:59,    4
11209,STORLIEN-STORVALLEN A                   ,SE,+63:16:59,+012:07:28,  583
11210,PITE-RONNSKAR A                         ,SE,+65:02:06,+021:33:56,    4
11215,SODERHAMN A                             ,SE,+61:16:09,+017:05:53,   26
11216,VANGSO                                  ,SE,+59:07:00,+017:12:00,   15
11241,PALGRUNDEN A                            ,SE,+58:45:32,+013:09:19,   45
11346,PANTA DE DARNIUS - BOADELLA             ,ES,+42:20:31,+002:50:03,  158
11347,PUIGCERDA                               ,ES,+42:26:25,+001:56:04, 1213
11348,TIVISSA                                 ,ES,+41:02:35,+000:44:25,  316
11349,HELTERMAA                               ,EE,+58:51:51,+023:02:36,    4
11350,JOHVI                                   ,EE,+59:19:44,+027:23:53,   73
11351,JOGEVA                                  ,EE,+58:44:58,+026:24:54,   70
11352,KARDLA                                  ,EE,+58:59:35,+024:49:18,    3
11353,KURESSAARE                              ,EE,+58:13:05,+022:30:23,    1
11354,KUNDA                                   ,EE,+59:31:17,+026:32:29,    3
11355,KIHNU                                   ,EE,+58:05:54,+023:58:13,    3
11356,KUUSIKU                                 ,EE,+58:58:23,+024:44:02,   53
11357,NARVA                                   ,EE,+59:23:21,+028:06:46,   28
11358,LAANE-NIGULA                            ,EE,+58:57:03,+023:48:56,   24
11359,PARNU                                   ,EE,+58:25:10,+024:28:10,   12
11360,PAKRI                                   ,EE,+59:23:21,+024:02:24,   23
11361,RUHNU                                   ,EE,+57:46:59,+023:15:32,    2
11362,RISTNA                                  ,EE,+58:55:14,+022:03:59,    7
11363,TALLINN                                 ,EE,+59:23:53,+024:36:10,   33
11364,SORVE                                   ,EE,+57:54:48,+022:03:28,    3
11365,TIIRIKOJA                               ,EE,+58:51:55,+026:57:07,   32
11366,TARTU                                   ,EE,+58:18:00,+026:43:59,   58
11367,TARTU-TORAVERE                          ,EE,+58:15:50,+026:27:41,   70
11368,TOOMA                                   ,EE,+58:52:27,+026:16:19,   89
11369,VAIKE-MAARJA                            ,EE,+59:08:29,+026:13:50,  121
11370,TURI                                    ,EE,+58:48:30,+025:24:33,   60
11371,VILJANDI                                ,EE,+58:22:40,+025:36:01,   86
11372,VALGA                                   ,EE,+57:47:24,+026:02:16,   65
11373,VIRTSU                                  ,EE,+58:34:22,+023:30:48,    2
11382,OLOT                                    ,ES,+42:11:17,+002:28:49,  433
11383,LA POBLA DE SEGUR                       ,ES,+42:14:38,+000:58:05,  508
11385,LES BORGES BLANQUES                     ,ES,+41:30:38,+000:51:23,  283
11386,MASSOTERES                              ,ES,+41:47:35,+001:18:20,  513
16319,MONT-ROIG DEL CAMP                      ,ES,+41:01:08,+000:56:00,   42
16320,TIRVIA                                  ,ES,+42:31:04,+001:14:27,  954
16321,PUJALT                                  ,ES,+41:42:57,+001:25:22,  747
16617,LLEIDA - LA FEMOSA                      ,ES,+41:35:04,+000:19:14,  170
